Id,OwnerAccountId,OwnerAccountsUsername,DogId,DogName
1,1,Owner 1,1,Dog 1
2,1,Owner 1,2,Dog 2
3,2,Owner 2,3,Dog 3
4,3,Owner 3,4,Dog 4
5,4,Owner 4,5,Dog 5
6,5,Owner 5,6,Dog 6
7,6,Owner 6,7,Dog 7
8,7,Owner 7,8,Dog 8
9,8,Owner 8,9,Dog 9
10,9,Owner 9,10,Dog 10
11,10,Owner 10,11,Dog 11
12,11,Owner 11,12,Dog 12
13,12,Owner 12,13,Dog 13
14,13,Owner 13,14,Dog 14
15,14,Owner 14,15,Dog 15
16,15,Owner 15,16,Dog 16
17,16,Owner 16,17,Dog 17
18,17,Owner 17,18,Dog 18
19,18,Owner 18,19,Dog 19
20,19,Owner 19,20,Dog 20
21,20,Owner 20,21,Dog 21
22,21,Owner 21,22,Dog 22
23,22,Owner 22,23,Dog 23
24,23,Owner 23,24,Dog 24
25,24,Owner 24,25,Dog 25
26,25,Owner 25,26,Dog 26
27,26,Owner 26,27,Dog 27
28,27,Owner 27,28,Dog 28
29,28,Owner 28,29,Dog 29
30,29,Owner 29,30,Dog 30
31,30,Owner 30,31,Dog 31
32,31,Owner 31,32,Dog 32
33,32,Owner 32,33,Dog 33
34,33,Owner 33,34,Dog 34
35,34,Owner 34,35,Dog 35
36,35,Owner 35,36,Dog 36
37,36,Owner 36,37,Dog 37
38,37,Owner 37,38,Dog 38
39,38,Owner 38,39,Dog 39
40,39,Owner 39,40,Dog 40
41,40,Owner 40,41,Dog 41
42,41,Owner 41,42,Dog 42
43,42,Owner 42,43,Dog 43
44,43,Owner 43,44,Dog 44
45,44,Owner 44,45,Dog 45
46,45,Owner 45,46,Dog 46
47,46,Owner 46,47,Dog 47
48,47,Owner 47,48,Dog 48
49,48,Owner 48,49,Dog 49
50,49,Owner 49,50,Dog 50
51,50,Owner 50,51,Dog 51
52,51,Owner 51,52,Dog 52
53,52,Owner 52,53,Dog 53
54,53,Owner 53,54,Dog 54
55,54,Owner 54,55,Dog 55
56,55,Owner 55,56,Dog 56
57,56,Owner 56,57,Dog 57
58,57,Owner 57,58,Dog 58
59,58,Owner 58,59,Dog 59
60,59,Owner 59,60,Dog 60
61,60,Owner 60,61,Dog 61
62,61,Owner 61,62,Dog 62
63,61,Owner 61,63,Dog 63
64,61,Owner 61,64,Dog 64
65,62,Owner 62,65,Dog 65
66,63,Owner 63,66,Dog 66
67,64,Owner 64,67,Dog 67
68,65,Owner 65,68,Dog 68
69,66,Owner 66,69,Dog 69
70,67,Owner 67,70,Dog 70
71,67,Owner 67,71,Dog 71
72,68,Owner 68,72,Dog 72
73,69,Owner 69,73,Dog 73
74,69,Owner 69,74,Dog 74
75,70,Owner 70,75,Dog 75
76,71,Owner 71,76,Dog 76
77,72,Owner 72,77,Dog 77
78,73,Owner 73,78,Dog 78
79,74,Owner 74,79,Dog 79
80,75,Owner 75,80,Dog 80
81,76,Owner 76,81,Dog 81
82,77,Owner 77,82,Dog 82
83,78,Owner 78,83,Dog 83
84,79,Owner 79,84,Dog 84
85,80,Owner 80,85,Dog 85
86,81,Owner 81,86,Dog 86
87,82,Owner 82,87,Dog 87
88,82,Owner 82,88,Dog 88
89,83,Owner 83,89,Dog 89
90,84,Owner 84,90,Dog 90
91,85,Owner 85,91,Dog 91
92,86,Owner 86,92,Dog 92
93,87,Owner 87,93,Dog 93
94,88,Owner 88,94,Dog 94
95,89,Owner 89,95,Dog 95
96,90,Owner 90,96,Dog 96
97,91,Owner 91,97,Dog 97
98,92,Owner 92,98,Dog 98
99,93,Owner 93,99,Dog 99
100,94,Owner 94,100,Dog 100
101,95,Owner 95,,
102,96,Owner 96,,
103,97,Owner 97,,
104,98,Owner 98,,
105,99,Owner 99,,
106,100,Owner 100,,